{
    "swagger": "2.0",
    "info": {
        "version": "1.0.0",
        "title": "Mamdoo Api",
        "description": "Mamdoo  Project Application API",
        "license": {
            "name": "MIT",
            "url": "https://opensource.org/licenses/MIT"
        }
    },
    "host": "localhost:3005",
    "basePath": "/",
    "tags": [{
        "name": "Users",
        "description": "API for users in the system"
    }],
    "schemes": [
        "http",
        "https"
    ],
    "consumes": [
        "application/json"
    ],
    "produces": [
        "application/json"
    ],
    "components": {
        "schemas": {}

    },
    "paths": {
        "/user/getUser": {
            "get": {
                "tags": [
                    "Users"
                ],
                "description": "get User",
                "parameters": [{
                    "name": "x-mamdoo-access-token",
                    "in": "header",
                    "type": "string",
                    "required": "true",
                    "description": "get User"

                }],
                "produces": [
                    "application/json"
                ],
                "responses": {
                    "200": {
                        "description": "OK",
                        "schema": {
                            "$ref": "#/definitions/User"
                        }
                    }
                }
            }

        },
        "/user/saveUser": {

            "post": {
                "tags": [
                    "Users"
                ],
                "description": "register User",
                "parameters": [{
                    "name": "user",
                    "in": "body",
                    "description": "User that we want to create",
                    "schema": {
                        "$ref": "#/definitions/createUser"
                    }
                }],
                "produces": [
                    "application/json"
                ],
                "responses": {
                    "200": {
                        "description": "New user is created",
                        "schema": {
                            "$ref": "#/definitions/User"
                        }
                    }
                }
            }
        }

    },
    "definitions": {
        "createUser": {
            "required": [
                "firstName",
                "lastName",
                "phoneNumber"
            ],
            "properties": {

                "firstName": {
                    "type": "string"
                },
                "lastName": {
                    "type": "string"
                },
                "phoneNumber": {
                    "type": "string"
                }

            }
        },
        "Users": {
            "type": "array",
            "$ref": "#/definitions/createUser"
        }
    }

}